CustomerID,FirstName,LastName,Email,PhoneNumber
1,Cathy,Hardy,cathy.hardy.113@yahoo.com,001-768-261-5472x46465
2,Lisa,Cook,lisa.cook.266@hotmail.com,(538)210-8943
3,Christopher,Joseph,christopher.joseph.977@yahoo.com,+1-986-482-6183
4,Taylor,Humphrey,taylor.humphrey.672@gmail.com,+1-333-932-1882
5,Christina,Haynes,christina.haynes.450@outlook.com,886-907-6809
6,Troy,Davila,troy.davila.123@hotmail.com,(268)313-2759
7,Carol,Young,carol.young.638@yahoo.com,001-751-384-6317x201
8,Kristine,Ward,kristine.ward.376@hotmail.com,247-461-9546x715
9,Willie,Oliver,willie.oliver.602@hotmail.com,(551)750-5034x9026
10,Trevor,Carroll,trevor.carroll.535@gmail.com,001-441-408-4252x14203
11,Ricky,Collier,ricky.collier.370@outlook.com,398.749.1817x974
12,William,Wright,william.wright.922@gmail.com,001-664-934-6639x86915
13,Timothy,Collins,timothy.collins.289@hotmail.com,525-943-4288x3745
14,Joshua,Hodges,joshua.hodges.772@outlook.com,651-760-3209x1960
15,David,Thomas,david.thomas.195@hotmail.com,001-508-557-6938x254
16,Christopher,Booker,christopher.booker.399@hotmail.com,(333)648-1626x981
17,Douglas,May,douglas.may.485@outlook.com,415.700.7960x70262
18,Joshua,Mckinney,joshua.mckinney.837@outlook.com,757.948.7787x1163
19,Megan,Cruz,megan.cruz.470@hotmail.com,001-297-368-3484x4943
20,James,Hartman,james.hartman.719@yahoo.com,001-401-994-5976
21,Dennis,Medina,dennis.medina.276@outlook.com,(938)213-7644x420
22,Donna,Barnes,donna.barnes.610@hotmail.com,(907)987-7334x51968
23,Thomas,Obrien,thomas.obrien.459@yahoo.com,001-755-876-2564
24,Martin,Chan,martin.chan.117@gmail.com,528-621-2678x234
25,William,Craig,william.craig.871@hotmail.com,669-286-7042x917
26,Todd,Smith,todd.smith.729@hotmail.com,611-809-4448
27,Elizabeth,Cox,elizabeth.cox.473@gmail.com,996.218.5099
28,Courtney,Edwards,courtney.edwards.456@gmail.com,+1-233-755-4950x44786
29,Jennifer,Perkins,jennifer.perkins.640@outlook.com,476.713.0197x364
30,Morgan,Sims,morgan.sims.521@hotmail.com,941.452.7686x52288
31,Stacy,Morrow,stacy.morrow.158@gmail.com,565-705-9234x43183
32,Melissa,Marshall,melissa.marshall.391@outlook.com,(854)255-3217x812
33,Katie,Washington,katie.washington.991@outlook.com,+1-625-288-0501x28789
34,Michael,Jones,michael.jones.659@yahoo.com,4362590279
35,Mary,Evans,mary.evans.231@hotmail.com,+1-562-603-9402x184
36,Kenneth,Burton,kenneth.burton.480@gmail.com,001-668-463-8920x1587
37,Stephanie,Kelly,stephanie.kelly.105@yahoo.com,(634)277-4182x494
38,Patrick,Baker,patrick.baker.005@gmail.com,+1-715-643-9577
39,Joshua,Cherry,joshua.cherry.166@gmail.com,287-801-4846
40,Karla,Lawson,karla.lawson.844@gmail.com,586.735.4320
41,Crystal,Gardner,crystal.gardner.193@gmail.com,500.463.7787x540
42,Karen,Warren,karen.warren.794@yahoo.com,001-369-868-8620x5054
43,Nicholas,Mcintyre,nicholas.mcintyre.679@yahoo.com,6179589781
44,Diana,Harmon,diana.harmon.462@gmail.com,372-848-7067
45,Carlos,Choi,carlos.choi.382@yahoo.com,001-470-577-4299x23648
46,Bradley,Edwards,bradley.edwards.266@yahoo.com,001-403-288-0096x813
47,Brenda,Perez,brenda.perez.661@outlook.com,882.715.5261x729
48,Shawn,Richardson,shawn.richardson.940@hotmail.com,2803974286
49,Jeremy,Vazquez,jeremy.vazquez.157@yahoo.com,001-433-459-2033
50,Faith,David,faith.david.646@yahoo.com,588.910.0937
51,Derrick,Nelson,derrick.nelson.405@outlook.com,374-265-5981x81291
52,Jacob,Gonzalez,jacob.gonzalez.444@hotmail.com,526-615-8216x54526
53,Lisa,Potter,lisa.potter.211@gmail.com,+1-599-477-3273
54,Kara,Howard,kara.howard.814@gmail.com,968.506.2565x39642
55,Eugene,Chavez,eugene.chavez.917@yahoo.com,(780)210-2485x427
56,Brianna,Mccormick,brianna.mccormick.574@gmail.com,491-759-1518x869
57,Brenda,Baker,brenda.baker.995@yahoo.com,(866)762-4350x53895
58,April,Short,april.short.401@gmail.com,5195423865
59,Joseph,Cherry,joseph.cherry.198@gmail.com,001-814-959-8656x581
60,Mary,Gutierrez,mary.gutierrez.122@outlook.com,212-439-9856x0934
61,Carolyn,Wright,carolyn.wright.549@hotmail.com,+1-675-962-3691x8656
62,Samantha,White,samantha.white.497@gmail.com,316.920.2345x79275
63,Daniel,Pollard,daniel.pollard.715@yahoo.com,508-300-4288
64,Luke,Williams,luke.williams.358@hotmail.com,4574944279
65,Erica,Hall,erica.hall.536@yahoo.com,(385)288-8212
66,Christopher,Hunter,christopher.hunter.921@yahoo.com,390.234.1182x242
67,Briana,Gibson,briana.gibson.632@hotmail.com,891.562.6374
68,Richard,Duncan,richard.duncan.876@hotmail.com,546.558.2475
69,Erik,Wood,erik.wood.832@outlook.com,5224377562
70,Ann,Romero,ann.romero.765@yahoo.com,(388)949-2153x77171
71,Cynthia,Sexton,cynthia.sexton.822@hotmail.com,001-960-843-0005x3182
72,Lisa,Benton,lisa.benton.993@yahoo.com,360-823-8720x3873
73,Tony,Hill,tony.hill.825@gmail.com,235.383.4981x08314
74,Colleen,Price,colleen.price.835@hotmail.com,(803)610-7066x65692
75,Victor,Smith,victor.smith.313@hotmail.com,378.863.7354x8928
76,Dwayne,Bush,dwayne.bush.743@gmail.com,(969)888-2365
77,Anna,Banks,anna.banks.440@yahoo.com,(929)982-0087
78,Aaron,Dickson,aaron.dickson.378@yahoo.com,(767)257-4740x020
79,Stacie,Alexander,stacie.alexander.191@yahoo.com,(783)727-3060x382
80,Annette,Bush,annette.bush.089@hotmail.com,482-203-6533x15455
81,Patrick,Reid,patrick.reid.417@hotmail.com,536.621.2803x8357
82,Edward,Moore,edward.moore.946@gmail.com,2418997957
83,Heather,Mccoy,heather.mccoy.203@yahoo.com,(731)342-6810x9278
84,Eric,Hill,eric.hill.588@yahoo.com,001-755-970-8446x9505
85,Erika,Santana,erika.santana.579@hotmail.com,+1-622-772-1700x4855
86,Phillip,Bowen,phillip.bowen.788@gmail.com,+1-720-933-9887x0636
87,Ricardo,Gonzalez,ricardo.gonzalez.365@yahoo.com,812.200.7898x7329
88,Thomas,Harris,thomas.harris.804@gmail.com,(402)919-2793
89,Dawn,Smith,dawn.smith.407@hotmail.com,870.565.9627x2214
90,Shane,Pace,shane.pace.278@gmail.com,(493)254-5369x746
91,Heather,Meyer,heather.meyer.313@gmail.com,561.251.7686
92,Brett,Thomas,brett.thomas.706@hotmail.com,001-933-861-1881x62474
93,Bradley,Prince,bradley.prince.386@yahoo.com,(814)259-9865x534
94,Linda,Ward,linda.ward.902@outlook.com,300-661-2721
95,Kenneth,Lewis,kenneth.lewis.714@outlook.com,(747)607-9881x4799
96,Andrew,Gutierrez,andrew.gutierrez.545@outlook.com,+1-465-642-7215
97,Brian,Jones,brian.jones.830@hotmail.com,(725)894-9711x71489
98,Melissa,Joseph,melissa.joseph.960@outlook.com,360.414.0649x32382
99,Paul,Rodriguez,paul.rodriguez.691@yahoo.com,546.337.5679x6363
100,Lori,Lam,lori.lam.180@hotmail.com,447-584-4982
101,Patrick,Shaw,patrick.shaw.161@outlook.com,545.737.0882
102,Justin,Smith,justin.smith.364@yahoo.com,617.260.7614x30177
103,Brendan,Johnson,brendan.johnson.256@gmail.com,(730)554-4321
104,Wanda,Knight,wanda.knight.727@hotmail.com,761-630-1773x7558
105,Patricia,French,patricia.french.748@outlook.com,001-269-863-6971
106,Sara,Hall,sara.hall.938@outlook.com,(506)625-1877x3634
107,Bethany,Love,bethany.love.893@outlook.com,+1-488-628-5569x50927
108,Todd,Small,todd.small.066@gmail.com,(968)321-0168x72640
109,Matthew,Lowe,matthew.lowe.722@outlook.com,594.310.2999x2250
110,Christina,Bennett,christina.bennett.634@hotmail.com,258-426-0136x842
111,Edward,Mccoy,edward.mccoy.440@gmail.com,(919)801-1754x92394
112,Curtis,Fuller,curtis.fuller.926@gmail.com,416-741-9302x204
113,Maria,Weaver,maria.weaver.932@yahoo.com,2196976352
114,Derek,Cunningham,derek.cunningham.876@hotmail.com,938-767-5511
115,Maria,Smith,maria.smith.242@outlook.com,+1-543-937-8604x328
116,Daniel,Rowe,daniel.rowe.945@outlook.com,815-941-8207x169
117,Tyler,Jenkins,tyler.jenkins.556@gmail.com,001-281-314-9926x77038
118,Clayton,Lawson,clayton.lawson.785@gmail.com,001-625-420-4058x3573
119,Michael,Gomez,michael.gomez.385@hotmail.com,+1-216-302-3447x6679
120,Jay,Brown,jay.brown.991@hotmail.com,219.925.0414
121,Danielle,Booker,danielle.booker.039@yahoo.com,763.720.4036
122,Stephen,Tucker,stephen.tucker.889@gmail.com,+1-209-210-8392x74783
123,Christopher,Marquez,christopher.marquez.304@outlook.com,(954)947-2989x04593
124,Autumn,Banks,autumn.banks.026@yahoo.com,738.246.8257
125,Julie,Alvarado,julie.alvarado.975@outlook.com,673-904-5236x32639
126,Elizabeth,Thompson,elizabeth.thompson.358@hotmail.com,+1-773-963-0697
127,Mackenzie,Terry,mackenzie.terry.071@gmail.com,4748058750
128,Brittany,Rodgers,brittany.rodgers.514@outlook.com,(764)695-4530
129,Anita,Murphy,anita.murphy.245@yahoo.com,001-405-989-8472x4173
130,Gregory,Clark,gregory.clark.663@hotmail.com,(374)819-9448x182
131,Ryan,Garrett,ryan.garrett.501@yahoo.com,(374)710-2261
132,Jennifer,Moody,jennifer.moody.492@yahoo.com,001-988-778-2446x872
133,Jason,Cervantes,jason.cervantes.685@gmail.com,+1-824-919-4850x86362
134,John,Rivera,john.rivera.255@yahoo.com,001-757-782-3748x11045
135,Patricia,Davis,patricia.davis.531@yahoo.com,(997)474-0743x045
136,Sean,Mcgee,sean.mcgee.236@yahoo.com,+1-582-465-1400
137,James,Sullivan,james.sullivan.663@hotmail.com,706-801-6834x820
138,Stephanie,Graves,stephanie.graves.022@gmail.com,378.339.8434x31281
139,Tiffany,Robbins,tiffany.robbins.497@outlook.com,494-379-4424x1039
140,Lynn,Hernandez,lynn.hernandez.336@gmail.com,+1-450-618-5273x64148
141,Paula,Carlson,paula.carlson.762@outlook.com,769.372.4536x160
142,Virginia,Jackson,virginia.jackson.145@yahoo.com,547-454-0352x05385
143,Michael,Garcia,michael.garcia.387@outlook.com,+1-710-356-8766x952
144,Jessica,Peterson,jessica.peterson.011@gmail.com,665-207-1520x9889
145,Patricia,Kim,patricia.kim.791@yahoo.com,311.985.4210
146,George,Palmer,george.palmer.707@gmail.com,6279491776
147,Brandon,Thompson,brandon.thompson.453@outlook.com,367.260.3168
148,Adrienne,Mccormick,adrienne.mccormick.932@gmail.com,+1-347-439-5035x584
149,Sean,Weiss,sean.weiss.965@yahoo.com,(712)725-3521x230
150,Michael,James,michael.james.124@hotmail.com,624-828-2301x97194
151,Heidi,Chavez,heidi.chavez.785@hotmail.com,248.245.3922x368
152,Lindsay,Shaw,lindsay.shaw.188@outlook.com,703-437-8365
153,Nicole,Thomas,nicole.thomas.825@yahoo.com,866.965.9007
154,Bryce,Campbell,bryce.campbell.238@outlook.com,306-349-4756x7057
155,Jennifer,Rich,jennifer.rich.318@gmail.com,645-755-2252
156,Daniel,Brown,daniel.brown.996@hotmail.com,379.886.9741
157,Justin,Keller,justin.keller.898@hotmail.com,858.403.2031x5121
158,James,Hicks,james.hicks.510@yahoo.com,001-564-547-2385x527
159,John,Garrison,john.garrison.549@outlook.com,001-452-789-4826x746
160,Kathy,Butler,kathy.butler.355@yahoo.com,(588)455-0003x5514
161,Julie,Ramirez,julie.ramirez.177@gmail.com,840-404-5834
162,Stephanie,Williams,stephanie.williams.889@hotmail.com,(736)689-0123x3997
163,Linda,Andrews,linda.andrews.055@outlook.com,3799130858
164,William,Roth,william.roth.764@gmail.com,001-442-815-6763x0130
165,Jennifer,Warren,jennifer.warren.040@hotmail.com,676.388.3297
166,Andrea,Malone,andrea.malone.123@hotmail.com,461.577.9765
167,Kevin,Carroll,kevin.carroll.256@yahoo.com,760-288-3068x368
168,Joshua,Rivera,joshua.rivera.624@yahoo.com,001-523-578-9781x21841
169,Nicolas,Wright,nicolas.wright.975@yahoo.com,824-609-7189
170,Jennifer,Powell,jennifer.powell.422@yahoo.com,(529)911-2627x10788
171,Heather,Barnes,heather.barnes.427@gmail.com,683-398-7686
172,Brittany,Jackson,brittany.jackson.269@outlook.com,639-415-2044x856
173,Margaret,Bradley,margaret.bradley.735@hotmail.com,9049511965
174,Tyler,Nielsen,tyler.nielsen.690@yahoo.com,001-595-548-6538x2610
175,Mark,Clark,mark.clark.313@yahoo.com,001-291-527-1995x06917
176,Kathy,Williams,kathy.williams.746@gmail.com,249-618-4086x662
177,Kenneth,Ewing,kenneth.ewing.546@hotmail.com,820.261.9825x432
178,David,Terry,david.terry.883@gmail.com,+1-570-300-2627x9347
179,Katrina,Howell,katrina.howell.118@gmail.com,755.824.1575x13277
180,Suzanne,Mccoy,suzanne.mccoy.880@yahoo.com,(472)961-3066x647
181,Ryan,Dawson,ryan.dawson.150@yahoo.com,265-602-9033
182,Patricia,Kline,patricia.kline.418@yahoo.com,434.461.6454
183,Nathan,Gonzalez,nathan.gonzalez.757@gmail.com,(285)849-8197x4754
184,Brittney,Barnes,brittney.barnes.826@hotmail.com,+1-981-714-2995x7221
185,Jerry,Blake,jerry.blake.615@gmail.com,262-547-7753x189
186,Gina,Brooks,gina.brooks.473@gmail.com,667-291-9771x596
187,Mark,Baker,mark.baker.737@yahoo.com,529-249-1174x37533
188,Beth,Butler,beth.butler.136@yahoo.com,202-339-0579x959
189,Paul,Holland,paul.holland.574@gmail.com,3804415822
190,Dennis,Valdez,dennis.valdez.957@outlook.com,(780)210-7571x722
191,Melissa,Crawford,melissa.crawford.809@gmail.com,358.464.5603x9781
192,Benjamin,White,benjamin.white.374@yahoo.com,+1-906-832-5192x515
193,Jessica,Long,jessica.long.640@outlook.com,478-433-2827x262
194,Kimberly,Vega,kimberly.vega.771@outlook.com,447.456.8322
195,Linda,Stevens,linda.stevens.921@yahoo.com,+1-639-436-1806x331
196,Shawn,Wright,shawn.wright.654@yahoo.com,382-357-8413
197,Rodney,Hardy,rodney.hardy.904@outlook.com,234-395-7568
198,John,Calderon,john.calderon.244@yahoo.com,(778)749-0440x9692
199,Maxwell,Brewer,maxwell.brewer.319@hotmail.com,+1-659-784-4705x042
200,Katherine,Grant,katherine.grant.420@yahoo.com,(683)402-7810x9982
201,John,Manning,john.manning.962@gmail.com,+1-549-779-9273
202,Jeffrey,Glover,jeffrey.glover.053@yahoo.com,781-420-2692
203,Meagan,Floyd,meagan.floyd.020@gmail.com,001-246-653-6820x947
204,Cynthia,Brown,cynthia.brown.780@hotmail.com,+1-799-449-3883x4724
205,Vincent,Fisher,vincent.fisher.017@yahoo.com,(618)579-4011
206,Crystal,Mathews,crystal.mathews.678@gmail.com,257.320.7060x207
207,Joshua,Evans,joshua.evans.584@gmail.com,+1-959-816-9199x511
208,Jessica,Bishop,jessica.bishop.364@hotmail.com,+1-897-948-3178x823
209,Stephanie,Gardner,stephanie.gardner.723@hotmail.com,+1-638-421-0103
210,Melanie,Haney,melanie.haney.024@outlook.com,611.232.4460
211,Teresa,Johnson,teresa.johnson.099@hotmail.com,(965)936-7003
212,Tiffany,Clements,tiffany.clements.990@outlook.com,638-916-4168x36214
213,Dylan,Calderon,dylan.calderon.450@outlook.com,543.497.9763x7025
214,Philip,Williams,philip.williams.159@gmail.com,(614)944-7812
215,Cynthia,Obrien,cynthia.obrien.747@hotmail.com,612.354.7931x75841
216,James,Riley,james.riley.105@yahoo.com,(497)672-9125x434
217,Anthony,Hernandez,anthony.hernandez.042@hotmail.com,600-500-5734
218,Jennifer,Jordan,jennifer.jordan.047@hotmail.com,+1-702-565-0828x2148
219,Jonathan,Frazier,jonathan.frazier.096@gmail.com,888.872.5314x8622
220,Amy,Murphy,amy.murphy.384@outlook.com,001-602-741-4121x2884
221,Mariah,Peterson,mariah.peterson.648@yahoo.com,4886530991
222,Scott,Jackson,scott.jackson.332@gmail.com,+1-383-592-7301x808
223,Mark,Haynes,mark.haynes.658@outlook.com,+1-853-726-4894x56236
224,Joshua,Lee,joshua.lee.019@outlook.com,(347)986-1340x88122
225,Mark,Castaneda,mark.castaneda.337@outlook.com,+1-805-496-4105
226,Amy,Li,amy.li.101@hotmail.com,(758)963-2493
227,Victor,Smith,victor.smith.490@gmail.com,(950)867-2332
228,Heather,Miller,heather.miller.917@gmail.com,562.472.0386
229,Cynthia,Jenkins,cynthia.jenkins.354@gmail.com,209.695.1086x604
230,Charles,Jones,charles.jones.677@yahoo.com,700.716.4346x418
231,Shane,Owens,shane.owens.385@hotmail.com,859.526.7135x9499
232,Lisa,Peterson,lisa.peterson.398@hotmail.com,7414794167
233,Nicole,Harris,nicole.harris.242@yahoo.com,(273)395-4534x142
234,Tina,Macias,tina.macias.699@gmail.com,9076417032
235,Connie,Nunez,connie.nunez.795@gmail.com,876.886.0627
236,Kathleen,Olsen,kathleen.olsen.740@yahoo.com,972.356.6437
237,Michael,Fernandez,michael.fernandez.259@gmail.com,555-343-8062
238,Kimberly,Lee,kimberly.lee.619@gmail.com,568.712.5410x8269
239,Bailey,Schneider,bailey.schneider.612@gmail.com,815.797.8452
240,Mitchell,Spence,mitchell.spence.427@outlook.com,463.521.1313x53402
241,Laura,Whitehead,laura.whitehead.778@yahoo.com,001-435-640-8988x083
242,Kristen,Estes,kristen.estes.877@yahoo.com,6053354275
243,Richard,Thomas,richard.thomas.304@yahoo.com,(392)621-4172x5074
244,James,Heath,james.heath.941@outlook.com,851.905.1839x81989
245,Cameron,Lucero,cameron.lucero.848@yahoo.com,601-751-3333x318
246,Diana,Webb,diana.webb.267@yahoo.com,748-401-3502
247,Ronald,Fischer,ronald.fischer.785@outlook.com,206.815.6332x9647
248,Vickie,Lane,vickie.lane.671@yahoo.com,(522)657-9099x95763
249,Cindy,Norris,cindy.norris.024@yahoo.com,+1-309-329-2231x43833
250,Benjamin,Clark,benjamin.clark.635@outlook.com,001-477-654-7845
251,Stephen,Carlson,stephen.carlson.061@gmail.com,001-938-404-2130
252,Danielle,Aguilar,danielle.aguilar.324@hotmail.com,(998)282-1415
253,Molly,Jennings,molly.jennings.886@outlook.com,(517)372-9570x34213
254,Joe,Stout,joe.stout.453@hotmail.com,(737)595-6988
255,Kelly,Deleon,kelly.deleon.346@gmail.com,+1-694-458-1589x15126
256,Matthew,Nguyen,matthew.nguyen.446@gmail.com,914-666-8270
257,Aaron,Harris,aaron.harris.384@outlook.com,926-743-0022x61071
258,Samuel,Hall,samuel.hall.160@outlook.com,001-407-441-4279x353
259,Teresa,Brown,teresa.brown.719@yahoo.com,(843)815-3346
260,Eric,Johnson,eric.johnson.476@outlook.com,(364)424-8072x404
261,Andrew,Collins,andrew.collins.938@yahoo.com,(814)588-0403x285
262,Kristin,Moreno,kristin.moreno.554@outlook.com,277-963-7787
263,Daniel,Wood,daniel.wood.182@outlook.com,+1-739-746-9956x5297
264,Bonnie,Chavez,bonnie.chavez.734@outlook.com,(841)976-8621
265,Danielle,Shepherd,danielle.shepherd.811@outlook.com,(382)419-5264x81748
266,Miranda,Richardson,miranda.richardson.101@hotmail.com,(280)725-4956
267,Tracy,Macdonald,tracy.macdonald.608@yahoo.com,(287)559-7888
268,Kimberly,Lawson,kimberly.lawson.714@gmail.com,+1-504-337-9284x8601
269,Jeffrey,Conner,jeffrey.conner.073@gmail.com,+1-956-523-8547x6548
270,Tiffany,Sims,tiffany.sims.537@yahoo.com,+1-849-740-5527x0839
271,Karen,Blackburn,karen.blackburn.654@gmail.com,001-481-393-2754x1902
272,Brian,Cruz,brian.cruz.461@outlook.com,001-316-404-2945x23572
273,Kathryn,Sanders,kathryn.sanders.234@gmail.com,253-734-8839x118
274,Dawn,Henson,dawn.henson.740@yahoo.com,(771)625-0440x1770
275,Joseph,Garrett,joseph.garrett.796@hotmail.com,782-282-0473
276,Erika,Dudley,erika.dudley.818@yahoo.com,(480)573-0014
277,Paul,Nixon,paul.nixon.861@yahoo.com,690-284-8948
278,Kevin,Ortega,kevin.ortega.881@gmail.com,659-749-2221x061
279,Brittany,Nunez,brittany.nunez.229@gmail.com,(349)590-7101x77975
280,Alexis,Collins,alexis.collins.333@yahoo.com,(773)647-8053
281,Cameron,Davis,cameron.davis.926@outlook.com,+1-788-644-2947
282,Charles,Burnett,charles.burnett.948@gmail.com,7607016433
283,Adam,Stephens,adam.stephens.338@outlook.com,(510)387-2989
284,Kim,Hines,kim.hines.625@hotmail.com,(293)718-3679x0912
285,Norman,Ramirez,norman.ramirez.724@gmail.com,329-922-4137
286,Timothy,Mcfarland,timothy.mcfarland.668@gmail.com,+1-661-214-0182x83006
287,George,Collins,george.collins.799@outlook.com,+1-553-843-0872x666
288,Fernando,Delacruz,fernando.delacruz.603@outlook.com,362.329.6298x6375
289,Kelly,George,kelly.george.548@gmail.com,001-204-485-7840x1730
290,Christopher,Turner,christopher.turner.982@yahoo.com,737.959.5593
291,Victoria,Walter,victoria.walter.258@yahoo.com,441-975-6519
292,Allison,Carroll,allison.carroll.759@outlook.com,519-542-1492x045
293,Nicole,Francis,nicole.francis.516@gmail.com,(993)828-5478
294,William,Jimenez,william.jimenez.374@outlook.com,7156728836
295,Jose,Copeland,jose.copeland.153@outlook.com,001-862-260-6669x423
296,Joseph,Wheeler,joseph.wheeler.179@gmail.com,(293)661-1065x7033
297,Paula,Stephens,paula.stephens.397@yahoo.com,610.504.7712
298,Steven,Reid,steven.reid.940@hotmail.com,770.377.4227x15341
299,Jacqueline,Pena,jacqueline.pena.711@gmail.com,785-331-9533x9093
300,Adrian,Rangel,adrian.rangel.667@hotmail.com,859-241-8321x27861
301,Danielle,May,danielle.may.076@yahoo.com,848.505.1893x251
302,Ellen,Dickson,ellen.dickson.616@gmail.com,835.410.1036x56230
303,Joshua,Clark,joshua.clark.756@gmail.com,+1-255-802-4088x1054
304,Jose,Bradshaw,jose.bradshaw.850@outlook.com,731.805.8337x20500
305,Kathleen,Wilson,kathleen.wilson.781@gmail.com,001-434-432-4225
306,Nicole,Adams,nicole.adams.570@hotmail.com,001-809-561-6456
307,Nancy,Gregory,nancy.gregory.531@gmail.com,265-748-3303x681
308,Martin,Tapia,martin.tapia.518@gmail.com,001-702-967-6791x84559
309,Tyrone,Sanders,tyrone.sanders.948@yahoo.com,7744954594
310,Jade,Lucas,jade.lucas.602@yahoo.com,734.276.9848x4233
311,April,Vargas,april.vargas.388@outlook.com,835.649.0982
312,Robin,Webster,robin.webster.510@outlook.com,001-571-592-8018
313,Teresa,Garcia,teresa.garcia.413@hotmail.com,(351)701-3899x51139
314,Scott,Jones,scott.jones.441@hotmail.com,407.848.4897x725
315,Amy,Cook,amy.cook.536@gmail.com,(314)410-7152x669
316,Reginald,Jordan,reginald.jordan.903@gmail.com,588-809-9588x503
317,Elijah,Hernandez,elijah.hernandez.716@outlook.com,531.488.8539
318,Brandon,Simmons,brandon.simmons.104@yahoo.com,969-444-1980x3076
319,Alex,Howard,alex.howard.757@gmail.com,404-522-1144x2943
320,Becky,Hernandez,becky.hernandez.668@hotmail.com,+1-385-395-2119x821
321,Emily,Orozco,emily.orozco.627@outlook.com,(329)331-3151
322,Joanna,Olson,joanna.olson.102@outlook.com,001-298-985-6897x35905
323,Denise,Patterson,denise.patterson.312@yahoo.com,312-606-8127x8549
324,Sandra,Myers,sandra.myers.186@gmail.com,436.262.5723x6941
325,Amanda,Delgado,amanda.delgado.449@gmail.com,+1-327-727-7125x53088
326,Cynthia,Wolf,cynthia.wolf.683@yahoo.com,562.238.7761x08687
327,Teresa,Gomez,teresa.gomez.651@gmail.com,681-990-6772x711
328,Timothy,Robinson,timothy.robinson.728@gmail.com,788-610-3314x00084
329,Laura,Maddox,laura.maddox.210@yahoo.com,001-259-749-3125x09742
330,Kevin,Phillips,kevin.phillips.418@gmail.com,+1-273-846-4406x84339
331,Michael,Arnold,michael.arnold.618@hotmail.com,(496)692-7731
332,Brandy,Mitchell,brandy.mitchell.305@yahoo.com,+1-323-917-7129x81927
333,Megan,Moore,megan.moore.664@outlook.com,(990)513-2490
334,Chad,Conley,chad.conley.067@outlook.com,733.659.7282x199
335,Leslie,Evans,leslie.evans.961@outlook.com,861.305.0735
336,Bonnie,Andrade,bonnie.andrade.915@gmail.com,(545)932-2931x5397
337,Ryan,Barnes,ryan.barnes.435@gmail.com,581-637-0663x734
338,Albert,Scott,albert.scott.394@hotmail.com,(387)352-8070x605
339,Olivia,Cabrera,olivia.cabrera.016@outlook.com,(800)717-8420
340,Andrew,Peterson,andrew.peterson.593@gmail.com,257.934.3796
341,Richard,Turner,richard.turner.390@outlook.com,(415)664-0003x414
342,James,Hudson,james.hudson.732@yahoo.com,208-984-1603
343,Darrell,Olsen,darrell.olsen.193@hotmail.com,+1-742-531-0658x429
344,Nicholas,Mendoza,nicholas.mendoza.073@yahoo.com,880-866-6504x4026
345,Stephen,Reid,stephen.reid.953@yahoo.com,(238)800-5670x20598
346,Alyssa,Gill,alyssa.gill.718@yahoo.com,760-960-3686x719
347,Diane,Rice,diane.rice.719@outlook.com,001-871-982-2789x443
348,Carlos,Lewis,carlos.lewis.220@gmail.com,208.684.4886x080
349,David,Daugherty,david.daugherty.846@gmail.com,(587)647-9067
350,Morgan,Marshall,morgan.marshall.728@yahoo.com,+1-394-355-0984x1687
351,Jason,Welch,jason.welch.139@outlook.com,537.454.4375x49525
352,Lori,Murphy,lori.murphy.064@hotmail.com,568-457-0830x259
353,Cameron,Allen,cameron.allen.122@hotmail.com,5494342943
354,Marissa,Pierce,marissa.pierce.804@yahoo.com,240-397-5554x7231
355,Carol,Carpenter,carol.carpenter.005@gmail.com,001-862-860-2371x125
356,Deborah,Martinez,deborah.martinez.097@hotmail.com,(725)967-6418x73194
357,Patrick,Yoder,patrick.yoder.057@hotmail.com,(580)833-6813
358,Gregory,Benton,gregory.benton.009@hotmail.com,721.568.3297
359,Eric,Wong,eric.wong.960@hotmail.com,439-316-3889x8193
360,Mary,Padilla,mary.padilla.928@yahoo.com,416.603.8184x8778
361,Catherine,Romero,catherine.romero.618@gmail.com,+1-427-671-2868
362,Michael,Price,michael.price.328@outlook.com,(508)324-7460
363,Paige,Thomas,paige.thomas.421@outlook.com,(755)540-9573
364,Stacie,Herman,stacie.herman.440@hotmail.com,+1-530-458-3822
365,Jeffrey,Jones,jeffrey.jones.448@yahoo.com,6852104557
366,Alexis,Mata,alexis.mata.263@outlook.com,+1-514-720-8026x35686
367,Jeffery,Ward,jeffery.ward.418@hotmail.com,001-263-243-6232x59745
368,Nicholas,Burns,nicholas.burns.008@gmail.com,285.405.8181x388
369,Kevin,Johnson,kevin.johnson.231@gmail.com,001-339-829-0122x34626
370,Katherine,Johnson,katherine.johnson.338@yahoo.com,5208469168
371,Kenneth,Hunter,kenneth.hunter.150@outlook.com,4552434138
372,Patrick,Palmer,patrick.palmer.251@outlook.com,370.399.6078x782
373,Alexander,Hamilton,alexander.hamilton.203@gmail.com,609-704-9469
374,Charles,Hernandez,charles.hernandez.523@yahoo.com,+1-970-770-3432
375,Dana,Humphrey,dana.humphrey.557@outlook.com,+1-366-261-7465x221
376,Linda,Dean,linda.dean.798@outlook.com,(904)345-8297x498
377,Michelle,Lin,michelle.lin.755@yahoo.com,+1-660-267-0121x239
378,Mark,Hernandez,mark.hernandez.516@outlook.com,646-694-6727x79747
379,Charles,Holt,charles.holt.375@hotmail.com,202.526.0563
380,Eric,Pace,eric.pace.831@hotmail.com,777-985-9259
381,Ryan,Washington,ryan.washington.905@hotmail.com,001-763-314-0343x5524
382,Stacey,Dean,stacey.dean.455@yahoo.com,+1-797-639-3418x25956
383,Brenda,Irwin,brenda.irwin.738@yahoo.com,001-614-528-5962
384,Allison,Fields,allison.fields.907@hotmail.com,425-565-0297x230
385,Antonio,Hill,antonio.hill.387@outlook.com,489-888-4087x231
386,Matthew,Valencia,matthew.valencia.503@hotmail.com,630-787-4496x5401
387,Joel,Callahan,joel.callahan.997@yahoo.com,001-705-309-8998x484
388,Dean,Lee,dean.lee.234@outlook.com,4053541053
389,Andrea,Peterson,andrea.peterson.594@yahoo.com,001-772-947-6132x59755
390,Valerie,Bryant,valerie.bryant.456@outlook.com,(738)695-9437x2789
391,Brian,Meyer,brian.meyer.834@hotmail.com,(384)343-8241x702
392,Gregory,Lawrence,gregory.lawrence.954@outlook.com,001-245-629-1149x42466
393,Paula,Martinez,paula.martinez.347@yahoo.com,+1-931-608-3476
394,Kristen,Smith,kristen.smith.808@yahoo.com,+1-821-599-3351x75683
395,Jeffrey,Rodriguez,jeffrey.rodriguez.962@gmail.com,+1-758-964-0000
396,Virginia,Davis,virginia.davis.294@gmail.com,456-759-0400x5861
397,Kelly,Roberts,kelly.roberts.943@outlook.com,001-392-523-4278x39137
398,Regina,Wong,regina.wong.910@outlook.com,+1-957-273-2828x531
399,Patricia,Lane,patricia.lane.906@hotmail.com,311.407.5873
400,Jonathan,Jones,jonathan.jones.946@hotmail.com,001-500-973-3693x43067
401,Karen,Lane,karen.lane.601@hotmail.com,577-235-0871x217
402,Samantha,Brady,samantha.brady.125@yahoo.com,540-451-8811
403,Vicki,Reynolds,vicki.reynolds.649@yahoo.com,+1-672-235-3558x495
404,Madison,Mathews,madison.mathews.774@outlook.com,(425)780-2741x944
405,Steven,Martinez,steven.martinez.131@outlook.com,905-448-7264x908
406,Christopher,Jennings,christopher.jennings.806@yahoo.com,697-401-8704
407,Joseph,Garza,joseph.garza.255@outlook.com,2298407719
408,Christine,Klein,christine.klein.891@yahoo.com,881-416-4692
409,Christopher,Herrera,christopher.herrera.580@outlook.com,583-679-4455x740
410,Michael,Wood,michael.wood.934@gmail.com,919.884.3163x850
411,Lisa,Bautista,lisa.bautista.980@yahoo.com,484-847-0546x8042
412,Kimberly,Johnson,kimberly.johnson.884@hotmail.com,980.737.1822
413,Marcia,Dunlap,marcia.dunlap.556@outlook.com,474-332-8555x5342
414,Amanda,Dennis,amanda.dennis.836@outlook.com,001-577-903-2964x111
415,Tina,Wilcox,tina.wilcox.817@outlook.com,001-358-595-7927x03818
416,Marcus,Lamb,marcus.lamb.099@gmail.com,8974522035
417,Daniel,Murray,daniel.murray.295@gmail.com,215-424-9583x2586
418,Diana,Roman,diana.roman.333@gmail.com,733.531.4548
419,Olivia,Ochoa,olivia.ochoa.354@yahoo.com,756.573.9118
420,Debbie,Logan,debbie.logan.404@yahoo.com,312-429-9434x5320
421,Robert,Collins,robert.collins.212@yahoo.com,001-755-779-2851x9544
422,Arthur,Bird,arthur.bird.559@yahoo.com,977-399-7151
423,Clifford,Harris,clifford.harris.930@hotmail.com,557.967.6195x2210
424,Kristi,Hart,kristi.hart.323@hotmail.com,+1-802-984-6057x672
425,David,Young,david.young.960@outlook.com,+1-979-751-8806
426,Nathan,Cameron,nathan.cameron.481@outlook.com,(322)418-1959
427,Gregory,Scott,gregory.scott.730@yahoo.com,(291)723-1570x2673
428,Elizabeth,Ramirez,elizabeth.ramirez.301@yahoo.com,886-905-7817x1877
429,Jeremy,Boyd,jeremy.boyd.611@yahoo.com,470.632.1144x4904
430,Richard,Jensen,richard.jensen.970@outlook.com,287.464.6601
431,Jimmy,Barnes,jimmy.barnes.306@outlook.com,655.599.4198x97881
432,Kathryn,Thompson,kathryn.thompson.420@hotmail.com,(489)839-6365x3428
433,Jared,Bates,jared.bates.718@gmail.com,695.298.6657x7844
434,Lucas,Rodriguez,lucas.rodriguez.811@gmail.com,+1-673-883-2874x6610
435,Todd,Villanueva,todd.villanueva.853@outlook.com,703.534.7791x4076
436,David,Morales,david.morales.918@yahoo.com,001-230-253-5304x9559
437,Kyle,Price,kyle.price.559@hotmail.com,345-930-0345
438,Lisa,Grant,lisa.grant.495@gmail.com,(538)239-6490x598
439,John,Garcia,john.garcia.732@yahoo.com,+1-215-304-6366x7102
440,Crystal,Tran,crystal.tran.797@hotmail.com,986.780.9494
441,David,Rogers,david.rogers.790@yahoo.com,818.844.8248x4867
442,Bobby,Hall,bobby.hall.116@yahoo.com,223.943.5124x0949
443,Melissa,Roberts,melissa.roberts.662@hotmail.com,+1-585-810-3008x733
444,Amy,Rodriguez,amy.rodriguez.343@hotmail.com,+1-611-931-9549x73482
445,John,Flores,john.flores.152@outlook.com,758.790.2194
446,Joe,Sampson,joe.sampson.736@gmail.com,001-884-299-1117
447,Michael,Ibarra,michael.ibarra.802@outlook.com,+1-223-438-4743x77607
448,Sarah,Martinez,sarah.martinez.106@gmail.com,(282)307-7880x95395
449,Donald,Davis,donald.davis.517@yahoo.com,294.561.5132x9698
450,Albert,Caldwell,albert.caldwell.303@yahoo.com,326-771-6959x9518
451,Frank,Gardner,frank.gardner.692@outlook.com,848-983-0999x6862
452,Travis,Brooks,travis.brooks.885@hotmail.com,9676123865
453,Nathan,Vazquez,nathan.vazquez.043@outlook.com,(763)702-3620x561
454,Christopher,Brown,christopher.brown.072@hotmail.com,817-572-3383
455,Natasha,Clark,natasha.clark.663@yahoo.com,001-597-761-7722x0047
456,Chase,Hernandez,chase.hernandez.199@yahoo.com,321.318.9305x60805
457,Leslie,Cox,leslie.cox.054@outlook.com,(352)830-8367x66281
458,Michael,Serrano,michael.serrano.232@gmail.com,001-682-934-7339
459,Alyssa,English,alyssa.english.574@hotmail.com,001-881-407-7023
460,Christian,Jordan,christian.jordan.975@gmail.com,+1-573-531-2089x219
461,Patricia,Thornton,patricia.thornton.384@gmail.com,905.286.8854x9407
462,Eric,Valentine,eric.valentine.879@yahoo.com,534.847.3495x9527
463,Janice,Long,janice.long.551@gmail.com,349-340-7609
464,Tracy,Moreno,tracy.moreno.803@yahoo.com,001-465-398-2213x542
465,Megan,Jimenez,megan.jimenez.620@hotmail.com,001-929-272-0304x83875
466,Jared,Chavez,jared.chavez.816@yahoo.com,+1-506-970-8077x5632
467,Lorraine,Perry,lorraine.perry.696@yahoo.com,+1-686-239-6026x84964
468,Michael,Barnes,michael.barnes.242@hotmail.com,260.561.4908x710
469,Jamie,Robles,jamie.robles.693@hotmail.com,+1-569-859-0953
470,Timothy,Johnson,timothy.johnson.822@yahoo.com,(657)629-9012x76772
471,Courtney,Frost,courtney.frost.959@hotmail.com,(637)862-1059
472,Andrew,Ramirez,andrew.ramirez.703@yahoo.com,960.321.1718x38147
473,Jennifer,Le,jennifer.le.830@gmail.com,808.939.8183x97257
474,Samantha,Sweeney,samantha.sweeney.519@hotmail.com,800-402-8509x8564
475,Sandra,Blanchard,sandra.blanchard.464@outlook.com,(899)527-9691x9739
476,Tammy,Becker,tammy.becker.083@gmail.com,(657)407-0984x9448
477,Jennifer,Summers,jennifer.summers.447@yahoo.com,001-533-723-5821x9502
478,Grace,Ramos,grace.ramos.943@outlook.com,3232322815
479,Steven,Spence,steven.spence.703@hotmail.com,+1-914-214-1079x2362
480,Timothy,Blackwell,timothy.blackwell.535@gmail.com,7779673496
481,Wendy,Nelson,wendy.nelson.717@gmail.com,353-621-4808
482,Connie,Patel,connie.patel.992@yahoo.com,(315)927-9307x3647
483,Andrea,Ortiz,andrea.ortiz.217@yahoo.com,817.589.8066x004
484,Todd,Robertson,todd.robertson.736@yahoo.com,(616)950-2469x377
485,Laurie,Adams,laurie.adams.121@yahoo.com,399-245-3671
486,Stacey,Robinson,stacey.robinson.348@hotmail.com,+1-936-444-6885x061
487,Tony,Reese,tony.reese.997@yahoo.com,587.821.4319
488,Jennifer,Flores,jennifer.flores.275@outlook.com,001-556-459-8026x1053
489,Emily,Bennett,emily.bennett.584@hotmail.com,+1-223-361-0899x689
490,Alec,Tate,alec.tate.381@outlook.com,001-352-581-4446x64499
491,Jasmine,Miller,jasmine.miller.648@yahoo.com,001-383-319-7135x248
492,Lisa,Lee,lisa.lee.680@outlook.com,331.495.3312x64945
493,Emily,Edwards,emily.edwards.943@outlook.com,(748)405-8314x8829
494,David,Fritz,david.fritz.468@outlook.com,+1-621-891-7131x10624
495,Stephanie,Mahoney,stephanie.mahoney.814@outlook.com,(402)503-7390
496,Colton,Diaz,colton.diaz.721@gmail.com,+1-236-911-0150x15839
497,Kristina,Hughes,kristina.hughes.072@gmail.com,860.781.5198
498,Heidi,Choi,heidi.choi.721@hotmail.com,001-337-979-3426x8547
499,Kristen,Thompson,kristen.thompson.295@gmail.com,743.640.5372
500,Marie,Rubio,marie.rubio.149@hotmail.com,625.671.8538x30305
501,Dawn,Alvarez,dawn.alvarez.925@hotmail.com,557.552.0736x135
502,Kelly,Mcmillan,kelly.mcmillan.967@gmail.com,782.835.7621
503,Gary,Sanchez,gary.sanchez.611@outlook.com,401.448.2059x398
504,Judy,Maxwell,judy.maxwell.132@outlook.com,(764)643-2561
505,Jasmine,Thompson,jasmine.thompson.492@outlook.com,+1-822-704-9065
506,Daniel,Martinez,daniel.martinez.599@yahoo.com,997.373.3367
507,Daniel,Taylor,daniel.taylor.268@outlook.com,603.645.5194x30260
508,Jessica,Arnold,jessica.arnold.884@yahoo.com,841-208-6499x27897
509,Kimberly,Osborn,kimberly.osborn.738@yahoo.com,757-297-7319x9883
510,William,Watkins,william.watkins.003@yahoo.com,+1-583-302-9930x6312
511,Jeffery,Madden,jeffery.madden.280@outlook.com,974-485-3290x6551
512,Timothy,Gray,timothy.gray.368@hotmail.com,700.925.9969
513,Michael,Turner,michael.turner.865@outlook.com,(764)595-0120x75362
514,Carly,Kaufman,carly.kaufman.052@hotmail.com,839-601-2792x294
515,Meghan,Nguyen,meghan.nguyen.795@gmail.com,381.581.4705
516,Jeffery,Burke,jeffery.burke.948@yahoo.com,(323)507-0145
517,Jose,Chase,jose.chase.143@gmail.com,001-801-444-4951x61104
518,Brianna,Rogers,brianna.rogers.588@yahoo.com,+1-939-454-9645x92036
519,Debra,Parker,debra.parker.374@outlook.com,699.271.6276
520,Krystal,Sullivan,krystal.sullivan.801@hotmail.com,(680)778-2605x0908
521,Beth,Hall,beth.hall.221@hotmail.com,736-612-2102x642
522,Teresa,Evans,teresa.evans.566@hotmail.com,888.490.6492
523,Adrian,Smith,adrian.smith.593@outlook.com,+1-659-679-1930x09400
524,Amanda,Butler,amanda.butler.332@hotmail.com,3117121907
525,Gregory,Gomez,gregory.gomez.407@yahoo.com,001-761-538-5438x643
526,Teresa,Rogers,teresa.rogers.303@gmail.com,386.280.0896x5408
527,Lydia,Jones,lydia.jones.189@gmail.com,738-931-2659
528,Judith,Clark,judith.clark.970@yahoo.com,001-472-348-7775x0777
529,Robert,Smith,robert.smith.115@gmail.com,304-917-1677x1715
530,Emily,Brandt,emily.brandt.321@gmail.com,001-623-233-1925x96460
531,Anthony,Singh,anthony.singh.361@gmail.com,001-722-834-6237x9030
532,Mark,Kane,mark.kane.636@outlook.com,588-843-9526
533,Robert,Fuller,robert.fuller.695@gmail.com,+1-204-828-7941x80843
534,John,Poole,john.poole.792@gmail.com,581-293-4210
535,Danielle,Sanchez,danielle.sanchez.017@outlook.com,+1-514-913-5629x2445
536,Brooke,Williams,brooke.williams.109@outlook.com,374.896.7899
537,Jasmine,Leonard,jasmine.leonard.387@yahoo.com,001-997-392-0073
538,Jessica,Smith,jessica.smith.134@outlook.com,304.328.8545x43170
539,Tracy,Shaffer,tracy.shaffer.967@yahoo.com,+1-745-807-2885
540,April,Gonzalez,april.gonzalez.183@yahoo.com,800.674.3552x3836
541,Joshua,Hall,joshua.hall.484@gmail.com,441-228-7540x33064
542,Sarah,Fernandez,sarah.fernandez.958@hotmail.com,831.554.6898x287
543,Philip,Williams,philip.williams.096@outlook.com,809.423.6679
544,Kevin,Flores,kevin.flores.427@gmail.com,575-733-2363x845
545,Lindsey,Bennett,lindsey.bennett.701@hotmail.com,8419590525
546,Brittany,Walters,brittany.walters.351@gmail.com,(942)494-2253x132
547,Debbie,Morris,debbie.morris.741@yahoo.com,8015342093
548,Stephanie,White,stephanie.white.055@outlook.com,001-211-545-6768
549,Andrew,Patton,andrew.patton.406@hotmail.com,497-989-9473x145
550,Cynthia,Miller,cynthia.miller.407@hotmail.com,896-894-5497
551,Angela,Sullivan,angela.sullivan.479@gmail.com,(462)722-1264x69241
552,Adam,Luna,adam.luna.730@yahoo.com,+1-336-457-8222
553,Johnny,Barr,johnny.barr.847@gmail.com,721.376.0760
554,Alexandria,Wilson,alexandria.wilson.362@hotmail.com,829.740.5982x9219
555,Andrew,Ford,andrew.ford.092@hotmail.com,001-740-331-6111x4858
556,Gloria,King,gloria.king.162@gmail.com,394.855.3172x648
557,Charles,Bishop,charles.bishop.088@yahoo.com,001-761-235-4068
558,Trevor,Kelly,trevor.kelly.345@hotmail.com,001-858-504-8053x98581
559,Lauren,Smith,lauren.smith.930@hotmail.com,(809)467-9431x04984
560,Shane,Hobbs,shane.hobbs.210@outlook.com,(320)770-5193x60224
561,Heather,Cochran,heather.cochran.540@hotmail.com,787-403-3249x31238
562,Victor,Scott,victor.scott.281@yahoo.com,+1-423-506-7849x67545
563,Paula,White,paula.white.679@yahoo.com,683.520.2887
564,Ashley,Williams,ashley.williams.061@gmail.com,001-479-258-9598x43072
565,Angela,Newton,angela.newton.472@gmail.com,409-998-8495x8217
566,Nancy,King,nancy.king.571@yahoo.com,952-338-0315
567,Ryan,Barrett,ryan.barrett.201@gmail.com,213-266-8935x690
568,Mary,Robles,mary.robles.397@outlook.com,(724)803-5448x68557
569,Renee,Martinez,renee.martinez.830@yahoo.com,431-868-3466x63977
570,Lauren,Brown,lauren.brown.738@hotmail.com,404-308-2401x7393
571,Janet,Clark,janet.clark.327@gmail.com,(584)431-9221
572,Jason,Quinn,jason.quinn.797@yahoo.com,421.682.5044x65922
573,Kelsey,Wright,kelsey.wright.352@yahoo.com,890-231-7821
574,Joshua,Williamson,joshua.williamson.846@outlook.com,001-261-408-4061x898
575,Pamela,Garza,pamela.garza.856@gmail.com,444-786-2549
576,Ann,Daniels,ann.daniels.829@outlook.com,001-948-261-0837x512
577,Megan,Jackson,megan.jackson.061@gmail.com,2715882729
578,Antonio,Watkins,antonio.watkins.277@yahoo.com,(752)443-9822x5419
579,Natasha,Torres,natasha.torres.713@outlook.com,782-311-1012
580,Jonathan,Scott,jonathan.scott.503@yahoo.com,584.330.7216x715
581,Jennifer,Hughes,jennifer.hughes.470@gmail.com,+1-335-689-6318
582,Michael,Johnson,michael.johnson.285@gmail.com,+1-624-246-4743
583,Michael,Miller,michael.miller.573@gmail.com,001-284-959-5175x944
584,Carolyn,Matthews,carolyn.matthews.402@outlook.com,(925)770-2408x06096
585,Carolyn,Day,carolyn.day.263@hotmail.com,+1-315-567-7602x4140
586,Bradley,Flores,bradley.flores.460@hotmail.com,4717391611
587,Adam,Moore,adam.moore.244@hotmail.com,2095739574
588,Stanley,Foster,stanley.foster.844@hotmail.com,+1-593-578-2740x2404
589,Ashley,Hall,ashley.hall.936@gmail.com,333.360.2934
590,Martin,Floyd,martin.floyd.178@gmail.com,756-755-6103
591,William,Gates,william.gates.027@outlook.com,001-259-393-9704x61183
592,Christopher,Webb,christopher.webb.770@gmail.com,823.970.7607
593,John,Morton,john.morton.833@yahoo.com,287-311-5186
594,Jacob,French,jacob.french.449@gmail.com,2515001892
595,Jennifer,Jones,jennifer.jones.699@gmail.com,+1-243-968-3148x12694
596,Katherine,Odonnell,katherine.odonnell.120@hotmail.com,790-666-8838x03488
597,Mary,Noble,mary.noble.129@yahoo.com,(640)863-5039x947
598,Mark,Braun,mark.braun.193@gmail.com,(382)655-4078x62710
599,Kim,May,kim.may.081@outlook.com,001-470-377-8590x3198
600,Christopher,Nelson,christopher.nelson.451@outlook.com,4596476587
601,Peter,Ferguson,peter.ferguson.408@yahoo.com,(725)292-1217
602,Erica,Cohen,erica.cohen.593@gmail.com,755-455-1389x7017
603,Candace,Gray,candace.gray.105@yahoo.com,001-489-782-2775x728
604,Juan,Greer,juan.greer.330@hotmail.com,(915)577-3775
605,Lisa,Williams,lisa.williams.486@hotmail.com,(911)592-0744x182
606,Sandra,Peterson,sandra.peterson.125@yahoo.com,+1-666-354-9714x70454
607,Mathew,Roberts,mathew.roberts.511@hotmail.com,001-389-406-1996
608,Kimberly,Jones,kimberly.jones.993@outlook.com,+1-481-393-8971x709
609,Melinda,Adams,melinda.adams.812@outlook.com,796.734.5929x360
610,Sara,Smith,sara.smith.975@outlook.com,(989)956-0189
611,Michael,Simmons,michael.simmons.607@gmail.com,(497)339-4821x8748
612,Angela,Schroeder,angela.schroeder.481@outlook.com,(611)209-4097x98212
613,Timothy,Goodwin,timothy.goodwin.870@gmail.com,+1-927-649-0569x68018
614,Wendy,Reilly,wendy.reilly.148@outlook.com,001-734-981-9057x69674
615,Samantha,Knox,samantha.knox.503@outlook.com,999.980.4132x9562
616,George,Howard,george.howard.164@gmail.com,9925421219
617,Emily,Price,emily.price.784@outlook.com,+1-453-401-5104x657
618,Andrea,Michael,andrea.michael.993@hotmail.com,(814)624-6664x0957
619,Danny,Hicks,danny.hicks.362@yahoo.com,769-436-2936
620,Anthony,Lee,anthony.lee.805@hotmail.com,584-461-4097x10354
621,Amy,Martinez,amy.martinez.179@yahoo.com,001-954-289-8897
622,Danielle,Carey,danielle.carey.945@gmail.com,+1-567-364-8711
623,Walter,Rodriguez,walter.rodriguez.461@outlook.com,571.879.3535x222
624,Fernando,Martinez,fernando.martinez.224@outlook.com,406.688.6609
625,Traci,Johnson,traci.johnson.492@outlook.com,001-506-761-2786
626,Robert,Santos,robert.santos.361@outlook.com,+1-231-604-4860x68495
627,Francis,Meyer,francis.meyer.553@gmail.com,001-922-340-2728
628,Amanda,Casey,amanda.casey.517@hotmail.com,(560)501-2261x8429
629,William,Cunningham,william.cunningham.036@gmail.com,807.674.2400
630,Laura,Contreras,laura.contreras.442@gmail.com,910.356.4383x052
631,Patrick,Peterson,patrick.peterson.044@outlook.com,990.311.6026x41114
632,Jonathan,Garcia,jonathan.garcia.885@hotmail.com,+1-773-746-1191x3569
633,Pamela,Johnson,pamela.johnson.041@gmail.com,(648)797-4210
634,John,Taylor,john.taylor.830@outlook.com,8295581826
635,Jerry,Shaw,jerry.shaw.512@gmail.com,611.531.3494
636,Paul,Holmes,paul.holmes.118@yahoo.com,540-856-4153x2865
637,Kristina,Spence,kristina.spence.035@hotmail.com,+1-703-720-9302x430
638,David,Clayton,david.clayton.431@outlook.com,001-242-651-9588
639,Andrew,Brown,andrew.brown.861@outlook.com,001-805-941-8562x873
640,Melissa,Lara,melissa.lara.415@gmail.com,331-374-1229
641,Kenneth,Davidson,kenneth.davidson.582@hotmail.com,001-587-847-3746x86379
642,Bridget,Harrell,bridget.harrell.996@hotmail.com,9994836489
643,Deborah,Tate,deborah.tate.985@gmail.com,001-508-345-2253x16058
644,Jason,Lester,jason.lester.197@hotmail.com,001-604-285-9985x253
645,Tyler,Dillon,tyler.dillon.208@gmail.com,916.767.1898x910
646,Patricia,Weaver,patricia.weaver.269@yahoo.com,609.498.6348x39341
647,Joshua,Rodriguez,joshua.rodriguez.048@outlook.com,555-310-9404x301
648,Melissa,Garcia,melissa.garcia.082@yahoo.com,001-328-416-6255
649,Jennifer,Middleton,jennifer.middleton.306@hotmail.com,(243)200-7323
650,Meghan,Rodriguez,meghan.rodriguez.727@outlook.com,918.778.2119
651,Dylan,Rodriguez,dylan.rodriguez.022@outlook.com,6452558631
652,Maurice,Colon,maurice.colon.842@hotmail.com,(918)561-1900x46669
653,Victoria,Harris,victoria.harris.133@hotmail.com,(278)976-5917
654,Donna,Gutierrez,donna.gutierrez.216@outlook.com,+1-414-525-2761x24798
655,Ashley,Bailey,ashley.bailey.250@outlook.com,001-731-259-2680x65452
656,Sylvia,Smith,sylvia.smith.963@outlook.com,+1-541-617-7631
657,Jason,Peterson,jason.peterson.620@hotmail.com,430-677-3878
658,Kelsey,Lopez,kelsey.lopez.884@gmail.com,204-911-1942x0916
659,Rhonda,Macdonald,rhonda.macdonald.662@yahoo.com,001-985-291-3222x7934
660,Hannah,Moore,hannah.moore.543@gmail.com,+1-823-879-1005x03277
661,Bobby,Holder,bobby.holder.234@gmail.com,(777)935-2613
662,Tamara,Pacheco,tamara.pacheco.185@outlook.com,+1-402-370-4957x21956
663,Tammy,Smith,tammy.smith.988@outlook.com,608.278.4685x9482
664,Linda,Martin,linda.martin.045@yahoo.com,+1-828-239-5108x25593
665,Sarah,Wright,sarah.wright.091@yahoo.com,451-425-2240x529
666,Kimberly,Mccarthy,kimberly.mccarthy.185@outlook.com,+1-466-996-0254x4354
667,Christina,Bennett,christina.bennett.552@outlook.com,001-943-480-1255x035
668,Shari,Butler,shari.butler.120@hotmail.com,001-816-372-3001
669,Ashley,Richards,ashley.richards.216@hotmail.com,607.348.5370x1253
670,James,Miller,james.miller.287@gmail.com,001-449-984-0776x168
671,Mary,Davies,mary.davies.007@hotmail.com,001-797-918-6328
672,Rachel,Stokes,rachel.stokes.063@yahoo.com,752.366.3714x37571
673,George,Nelson,george.nelson.295@outlook.com,(347)843-0808x49945
674,Cynthia,Grant,cynthia.grant.811@yahoo.com,624-555-7250
675,Daniel,Williams,daniel.williams.682@gmail.com,984.721.1022
676,Troy,Elliott,troy.elliott.550@yahoo.com,835.378.2756
677,Anita,Reid,anita.reid.932@hotmail.com,(586)401-9856x36803
678,Rachel,Smith,rachel.smith.805@gmail.com,2586113422
679,Mitchell,Kennedy,mitchell.kennedy.620@yahoo.com,803.376.9274x89837
680,Reginald,Moore,reginald.moore.064@gmail.com,001-844-565-9021x89835
681,Cody,Weaver,cody.weaver.926@hotmail.com,5166915440
682,Jason,Rhodes,jason.rhodes.470@outlook.com,+1-670-517-4841
683,Penny,Johnson,penny.johnson.222@gmail.com,7709831647
684,Jason,Nichols,jason.nichols.826@hotmail.com,(895)697-1520
685,Christopher,Hayes,christopher.hayes.762@yahoo.com,637-587-5529x36231
686,John,Palmer,john.palmer.992@yahoo.com,962.457.4162
687,David,Edwards,david.edwards.872@yahoo.com,487-732-7491
688,Nicole,Casey,nicole.casey.460@hotmail.com,531-863-5296x44230
689,Matthew,Walker,matthew.walker.534@outlook.com,+1-370-946-5238x5909
690,Jenna,Keith,jenna.keith.148@outlook.com,(219)620-3523
691,Zachary,Pitts,zachary.pitts.103@gmail.com,479.973.2491
692,Anthony,Woodward,anthony.woodward.804@outlook.com,887-740-8052
693,Deborah,Turner,deborah.turner.149@yahoo.com,001-488-298-5579
694,Sandra,Shah,sandra.shah.589@hotmail.com,534.868.9438x491
695,Daniel,Wall,daniel.wall.181@gmail.com,+1-251-976-6237
696,Richard,Kennedy,richard.kennedy.160@yahoo.com,(930)700-3692
697,Amanda,Meyers,amanda.meyers.673@hotmail.com,001-937-321-5560x60721
698,Daniel,Gonzalez,daniel.gonzalez.598@hotmail.com,430.810.9240
699,Bianca,Willis,bianca.willis.857@outlook.com,001-391-782-8034
700,Jordan,Montgomery,jordan.montgomery.000@outlook.com,904.954.8512
701,Carrie,Nelson,carrie.nelson.926@outlook.com,237-655-1172x32174
702,Courtney,Pineda,courtney.pineda.022@yahoo.com,857.889.0011
703,Steven,Leon,steven.leon.167@gmail.com,(909)208-1821
704,William,Mcmahon,william.mcmahon.487@gmail.com,+1-673-584-2934
705,Catherine,Hart,catherine.hart.271@outlook.com,654-519-0469x766
706,Melissa,Mann,melissa.mann.696@outlook.com,001-725-488-7992
707,Scott,Matthews,scott.matthews.393@gmail.com,(813)363-0753x2028
708,Michelle,Lewis,michelle.lewis.444@hotmail.com,+1-686-325-5704x6396
709,Jonathan,Flores,jonathan.flores.359@yahoo.com,(961)552-9981x1990
710,Bridget,Burke,bridget.burke.727@outlook.com,795-724-7069x0489
711,Ian,Williams,ian.williams.401@gmail.com,605.669.5133x32868
712,Amanda,Williams,amanda.williams.086@outlook.com,353-822-4711x629
713,Christopher,Williamson,christopher.williamson.000@outlook.com,+1-666-899-4720x451
714,Aaron,Holmes,aaron.holmes.434@gmail.com,001-643-978-5653x3021
715,Jamie,Bell,jamie.bell.525@gmail.com,+1-938-544-4629
716,Megan,Morales,megan.morales.543@outlook.com,(938)680-0242x65266
717,Barry,Brewer,barry.brewer.019@outlook.com,641-286-8921
718,Angela,Taylor,angela.taylor.965@hotmail.com,2107500249
719,George,Lee,george.lee.458@gmail.com,(605)430-7696
720,Sheila,Garcia,sheila.garcia.833@outlook.com,(648)863-6612x35269
721,Ryan,Martinez,ryan.martinez.698@hotmail.com,(624)815-3984
722,Bob,Brown,bob.brown.820@outlook.com,622-242-3214
723,Ricardo,Davis,ricardo.davis.489@outlook.com,7308276300
724,Kathleen,Mcdowell,kathleen.mcdowell.573@yahoo.com,(381)850-8665
725,Patrick,Booth,patrick.booth.967@yahoo.com,9215949001
726,Jacob,Rivera,jacob.rivera.482@yahoo.com,806.481.3449
727,Tina,Phillips,tina.phillips.472@yahoo.com,(893)612-9165x8989
728,Beth,Taylor,beth.taylor.925@yahoo.com,(881)973-2894x077
729,Christine,Miller,christine.miller.625@yahoo.com,001-405-439-9984
730,Scott,Solis,scott.solis.849@hotmail.com,(545)339-0488x42402
731,Lori,Zhang,lori.zhang.580@yahoo.com,245.341.6704x25343
732,Steven,Sullivan,steven.sullivan.355@yahoo.com,847.408.9039x76113
733,Brandy,Jones,brandy.jones.994@gmail.com,+1-234-781-5487x6238
734,Jessica,Scott,jessica.scott.360@gmail.com,515.214.3145x74610
735,Daniel,Garza,daniel.garza.611@gmail.com,767-978-6318x725
736,Lauren,Moore,lauren.moore.324@yahoo.com,641-864-5197x52553
737,Jeremy,Smith,jeremy.smith.252@hotmail.com,828-294-0423x290
738,Edward,Le,edward.le.015@hotmail.com,+1-267-820-0750
739,Austin,Zimmerman,austin.zimmerman.957@gmail.com,001-425-900-8138x3895
740,Raymond,Jones,raymond.jones.802@gmail.com,001-437-985-0970
741,Carol,Anderson,carol.anderson.387@yahoo.com,001-244-440-5401x206
742,Philip,Bates,philip.bates.019@hotmail.com,427.774.1620
743,John,Leon,john.leon.222@yahoo.com,718.725.3036
744,Patricia,Moses,patricia.moses.352@yahoo.com,+1-289-814-6298x860
745,Anthony,Williams,anthony.williams.321@outlook.com,001-875-954-8991x47568
746,Cassandra,Boone,cassandra.boone.082@yahoo.com,329.221.2939x575
747,Sara,Salazar,sara.salazar.200@hotmail.com,001-216-489-4097x9913
748,Margaret,White,margaret.white.811@hotmail.com,969.751.2971
749,Andrew,Figueroa,andrew.figueroa.367@hotmail.com,(992)613-6226x7249
750,Robert,Acevedo,robert.acevedo.504@outlook.com,+1-965-977-7778x02288
751,Dennis,Erickson,dennis.erickson.080@outlook.com,(436)360-4077x2592
752,Robert,Newman,robert.newman.200@yahoo.com,790-467-8390
753,William,Chavez,william.chavez.882@gmail.com,465-421-5446
754,Frank,Cooper,frank.cooper.697@hotmail.com,+1-746-473-0255x10661
755,Jeffrey,Sherman,jeffrey.sherman.688@outlook.com,(942)874-3191x95252
756,Jeanne,Jimenez,jeanne.jimenez.044@hotmail.com,(294)290-4456x1421
757,Eric,Lewis,eric.lewis.958@hotmail.com,(847)628-9271x8499
758,Jason,Davis,jason.davis.344@yahoo.com,529.580.4657
759,Eric,Bolton,eric.bolton.163@yahoo.com,590.339.7488
760,Donald,Martinez,donald.martinez.349@outlook.com,3775472981
761,Andrea,Smith,andrea.smith.908@yahoo.com,233.907.6289
762,Tammy,Kaufman,tammy.kaufman.318@yahoo.com,001-690-378-6231x40635
763,Michelle,Coffey,michelle.coffey.605@gmail.com,5163475222
764,Jennifer,Flynn,jennifer.flynn.751@yahoo.com,433-975-3163x4763
765,Christopher,Clark,christopher.clark.079@outlook.com,(325)614-7006
766,Elizabeth,Fowler,elizabeth.fowler.979@yahoo.com,568.996.0340
767,Patricia,Diaz,patricia.diaz.539@yahoo.com,720.800.6023x956
768,Ashley,Avery,ashley.avery.336@yahoo.com,(975)820-8032x40174
769,David,Cox,david.cox.116@yahoo.com,+1-883-455-9876x277
770,Timothy,Davis,timothy.davis.256@outlook.com,760-701-8809x98951
771,Kimberly,Williams,kimberly.williams.013@outlook.com,(525)693-4644x2820
772,Jonathan,Munoz,jonathan.munoz.183@gmail.com,896.718.8163x11679
773,Joshua,Hansen,joshua.hansen.790@yahoo.com,962-968-6136x201
774,Gavin,Lee,gavin.lee.300@gmail.com,864-245-6154x883
775,Alicia,Bailey,alicia.bailey.427@gmail.com,(773)803-3538x391
776,Alan,Harrington,alan.harrington.298@gmail.com,419.686.0208
777,Kimberly,Winters,kimberly.winters.902@gmail.com,654.256.3489
778,Jeffrey,Mccoy,jeffrey.mccoy.710@gmail.com,001-809-462-9509x543
779,Diane,Melton,diane.melton.748@gmail.com,414-315-6896x86218
780,Mason,Downs,mason.downs.269@yahoo.com,(601)600-2561x57123
781,Jay,Miller,jay.miller.562@outlook.com,(761)967-8149x731
782,Andrew,Fields,andrew.fields.294@hotmail.com,(934)568-4113x2428
783,Miranda,Griffin,miranda.griffin.895@yahoo.com,(795)481-2464x69507
784,Emily,Williams,emily.williams.898@gmail.com,6506871755
785,Katherine,Farley,katherine.farley.470@gmail.com,001-666-367-2616x2023
786,John,Hines,john.hines.332@outlook.com,292-521-5542
787,Peter,Merritt,peter.merritt.932@yahoo.com,874.324.4158
788,Richard,Jenkins,richard.jenkins.365@gmail.com,+1-510-995-8889x5484
789,Nancy,Cruz,nancy.cruz.334@hotmail.com,358-418-7475x80648
790,April,Chan,april.chan.869@hotmail.com,3124694956
791,Benjamin,Blanchard,benjamin.blanchard.660@outlook.com,(395)344-4107
792,Lucas,Williams,lucas.williams.229@yahoo.com,201.224.3415x9319
793,David,Johnson,david.johnson.147@hotmail.com,(616)702-4443x358
794,Kristin,Jensen,kristin.jensen.407@gmail.com,+1-486-882-5419x5169
795,Kimberly,Watkins,kimberly.watkins.613@hotmail.com,342-489-3394x743
796,Paul,Austin,paul.austin.170@outlook.com,898-483-0368x12714
797,Valerie,Rowe,valerie.rowe.240@gmail.com,001-338-200-7337x6885
798,Kathleen,Rich,kathleen.rich.541@yahoo.com,001-316-427-2014
799,John,Rodriguez,john.rodriguez.942@outlook.com,727-484-0950
800,William,Maldonado,william.maldonado.287@hotmail.com,260-942-3790x2080
801,Douglas,Rogers,douglas.rogers.806@yahoo.com,001-931-343-1895x166
802,Bradley,Cooper,bradley.cooper.348@outlook.com,001-632-644-0649x6359
803,Christopher,Oliver,christopher.oliver.099@gmail.com,631.459.0523x665
804,Benjamin,Chavez,benjamin.chavez.962@gmail.com,+1-344-231-0926x36746
805,Sean,Turner,sean.turner.092@outlook.com,+1-265-912-9119x845
806,Jeffrey,Lee,jeffrey.lee.220@hotmail.com,948.959.5283x86432
807,Jacqueline,Lopez,jacqueline.lopez.505@yahoo.com,+1-201-457-1789x72654
808,Alexander,Hurley,alexander.hurley.586@hotmail.com,8134697815
809,Steven,Gordon,steven.gordon.670@hotmail.com,001-893-488-8911x0914
810,Jerry,Mercado,jerry.mercado.132@outlook.com,(987)612-5256x44461
811,Brian,Parker,brian.parker.294@yahoo.com,(602)412-5815
812,Allison,Gonzalez,allison.gonzalez.017@gmail.com,722-737-2049
813,Hannah,Reed,hannah.reed.435@yahoo.com,+1-667-866-4626x152
814,Ellen,Moore,ellen.moore.789@yahoo.com,834-937-4000x5671
815,Andrea,Bates,andrea.bates.525@outlook.com,3198767727
816,Robert,Ramos,robert.ramos.506@hotmail.com,(548)840-0460x2430
817,Becky,Drake,becky.drake.857@gmail.com,420.637.2923x541
818,Joshua,Fry,joshua.fry.808@yahoo.com,693.955.5550x57357
819,Christine,Wiley,christine.wiley.354@hotmail.com,001-994-439-7487
820,Jessica,Robinson,jessica.robinson.881@gmail.com,+1-945-926-6564x51981
821,John,Chambers,john.chambers.048@gmail.com,(449)240-6059x263
822,Rodney,Carter,rodney.carter.205@yahoo.com,400.650.1455x47809
823,Shawn,Nguyen,shawn.nguyen.036@hotmail.com,518.771.8428
824,Charles,Duncan,charles.duncan.827@hotmail.com,+1-435-949-3367x2658
825,Ryan,Robbins,ryan.robbins.889@hotmail.com,+1-426-390-8173x805
826,John,Short,john.short.897@yahoo.com,+1-937-327-1326x499
827,Tammy,Martinez,tammy.martinez.593@hotmail.com,(719)573-9702
828,William,Benson,william.benson.315@hotmail.com,+1-290-226-6711
829,Michael,Oliver,michael.oliver.139@gmail.com,982-705-2669x16536
830,Anne,Williams,anne.williams.685@hotmail.com,415-322-5256x5544
831,Benjamin,Jones,benjamin.jones.957@outlook.com,+1-391-650-4619x98391
832,Michael,Smith,michael.smith.323@gmail.com,(672)740-1294
833,Elizabeth,Walker,elizabeth.walker.159@yahoo.com,566.427.2011x38094
834,Stephen,Campbell,stephen.campbell.962@yahoo.com,3212222896
835,Joseph,Barnes,joseph.barnes.103@outlook.com,285.646.4786
836,Anna,Smith,anna.smith.409@outlook.com,001-964-963-7362x719
837,Jason,King,jason.king.441@yahoo.com,979.416.1322x76786
838,Heidi,Garcia,heidi.garcia.601@outlook.com,335-853-1616x462
839,Madison,Price,madison.price.511@hotmail.com,(512)927-3868x531
840,Jenna,Allen,jenna.allen.618@gmail.com,(220)610-4045x38882
841,Tracey,Small,tracey.small.396@yahoo.com,(657)895-0268
842,Jared,Vaughn,jared.vaughn.700@outlook.com,854-877-4935
843,Karen,Barrett,karen.barrett.189@yahoo.com,443.225.2811x40905
844,Kimberly,Griffin,kimberly.griffin.132@hotmail.com,(489)386-7453x45228
845,Jason,Hoffman,jason.hoffman.609@hotmail.com,+1-802-342-8382x489
846,Ryan,Friedman,ryan.friedman.373@outlook.com,904.224.4928x5290
847,John,Parsons,john.parsons.978@yahoo.com,(766)935-0394x21982
848,Keith,Sanders,keith.sanders.131@hotmail.com,(730)736-8336
849,Jeffrey,Flores,jeffrey.flores.320@hotmail.com,3447168562
850,Christine,Parks,christine.parks.509@gmail.com,277-397-0871x7451
851,Ricky,Cisneros,ricky.cisneros.656@hotmail.com,(796)390-3735x6457
852,Lindsey,Davis,lindsey.davis.098@outlook.com,333-304-8167x13566
853,Michael,Shepherd,michael.shepherd.853@outlook.com,889-298-1150
854,Barbara,Anderson,barbara.anderson.635@yahoo.com,2759026100
855,Ian,Gray,ian.gray.711@yahoo.com,+1-744-620-5373x8876
856,Barbara,Hill,barbara.hill.792@outlook.com,(333)553-9286x581
857,Cody,Gallagher,cody.gallagher.976@hotmail.com,598-394-7045x470
858,Robert,Elliott,robert.elliott.591@yahoo.com,001-409-874-4969x21490
859,Valerie,Best,valerie.best.711@outlook.com,+1-752-429-6474x6841
860,Alexis,Knight,alexis.knight.928@yahoo.com,(516)584-1948x04943
861,Erica,Shaffer,erica.shaffer.239@gmail.com,+1-677-789-2920x82914
862,Marissa,Williams,marissa.williams.180@hotmail.com,001-458-899-4664
863,Jasmine,Olson,jasmine.olson.493@gmail.com,+1-516-869-8712x571
864,Amber,Anderson,amber.anderson.844@yahoo.com,+1-799-647-1073x5937
865,Kim,Turner,kim.turner.633@gmail.com,(873)911-7040
866,Matthew,Dixon,matthew.dixon.125@outlook.com,697.760.0372
867,Cindy,Washington,cindy.washington.924@yahoo.com,001-848-934-1759
868,Elizabeth,Clark,elizabeth.clark.924@yahoo.com,(278)349-3969x57349
869,Andrew,Wells,andrew.wells.941@outlook.com,872-404-4165
870,Ronald,Harris,ronald.harris.997@outlook.com,(708)480-6758
871,Haley,Morris,haley.morris.135@hotmail.com,001-837-867-6826x3989
872,Michael,Fritz,michael.fritz.276@gmail.com,+1-564-371-1419
873,Ashley,Murphy,ashley.murphy.384@yahoo.com,358.830.3832x503
874,Spencer,Schneider,spencer.schneider.548@outlook.com,+1-601-810-0530
875,Clinton,Williams,clinton.williams.122@yahoo.com,265.781.1840
876,Jennifer,Dalton,jennifer.dalton.500@yahoo.com,945.335.2173x55963
877,Jeffrey,Miller,jeffrey.miller.765@outlook.com,+1-500-217-1932x970
878,Stephanie,Graves,stephanie.graves.209@gmail.com,547-453-1427x2583
879,Michael,Jones,michael.jones.701@outlook.com,726.289.4681x633
880,David,Cruz,david.cruz.951@yahoo.com,+1-803-358-2746
881,Susan,Khan,susan.khan.412@gmail.com,584-713-2321
882,Richard,Ayala,richard.ayala.000@outlook.com,511-842-6346x6374
883,Laura,Bartlett,laura.bartlett.468@gmail.com,001-727-391-8119x422
884,Kimberly,Meyer,kimberly.meyer.598@gmail.com,738-640-9536x819
885,Jeffrey,Thomas,jeffrey.thomas.990@gmail.com,603-252-7044x511
886,Gregory,Klein,gregory.klein.040@gmail.com,619.397.0116x8905
887,Howard,Moore,howard.moore.973@hotmail.com,617.333.4717x579
888,Margaret,Johns,margaret.johns.204@yahoo.com,001-727-765-3865
889,John,Ibarra,john.ibarra.220@outlook.com,(988)940-2843x1715
890,Oscar,Wright,oscar.wright.126@gmail.com,563.222.3351x156
891,Richard,Blake,richard.blake.801@yahoo.com,001-227-264-7803x08006
892,Maria,Freeman,maria.freeman.178@outlook.com,6106105845
893,David,Barnett,david.barnett.329@gmail.com,391-664-2374
894,Corey,Nelson,corey.nelson.104@hotmail.com,615.403.2613
895,Kimberly,Ryan,kimberly.ryan.745@outlook.com,709-329-8078x26335
896,Bryan,Bowers,bryan.bowers.965@outlook.com,7077979352
897,Ronald,Berg,ronald.berg.270@yahoo.com,624.307.9453x762
898,Travis,Barker,travis.barker.755@gmail.com,702.569.5898
899,Brian,Morgan,brian.morgan.155@gmail.com,2068395832
900,Tammy,Dunlap,tammy.dunlap.745@yahoo.com,+1-885-598-5780
901,Tyler,Wallace,tyler.wallace.972@outlook.com,+1-279-568-4905
902,Fred,Taylor,fred.taylor.166@outlook.com,476-592-9253x969
903,Stephanie,Perez,stephanie.perez.330@gmail.com,+1-633-614-9716x47361
904,Laura,Barnes,laura.barnes.602@gmail.com,289-773-7769x473
905,Wendy,Johnson,wendy.johnson.860@gmail.com,+1-243-204-3851x1711
906,Jerry,Ellis,jerry.ellis.089@gmail.com,750-788-6413
907,Brian,Thompson,brian.thompson.664@yahoo.com,001-695-335-1368x02830
908,Misty,Mendez,misty.mendez.752@outlook.com,001-353-849-6955
909,Linda,Griffin,linda.griffin.078@gmail.com,+1-644-781-2760
910,Rebecca,Valdez,rebecca.valdez.984@hotmail.com,(487)225-2547
911,Rachel,Watts,rachel.watts.390@hotmail.com,542-937-0328x220
912,Stephen,King,stephen.king.924@hotmail.com,350-366-8080x9342
913,Taylor,Moreno,taylor.moreno.881@outlook.com,668.470.3764x94021
914,Lynn,Olsen,lynn.olsen.477@yahoo.com,(499)449-2219x1617
915,Shelby,Munoz,shelby.munoz.891@hotmail.com,508.622.7422
916,Sandra,Malone,sandra.malone.711@hotmail.com,001-940-584-1970x878
917,Cathy,Ford,cathy.ford.650@outlook.com,752.503.6634x5359
918,Robert,Ferguson,robert.ferguson.356@yahoo.com,670-849-7653x870
919,Michael,Jones,michael.jones.677@hotmail.com,5827186658
920,Joel,Jackson,joel.jackson.105@outlook.com,742.312.8136
921,Melissa,Crawford,melissa.crawford.549@hotmail.com,+1-245-325-9921x84551
922,Diane,Payne,diane.payne.555@gmail.com,470.594.4454
923,Michael,Wallace,michael.wallace.099@outlook.com,(539)390-2924x8215
924,Angela,Smith,angela.smith.008@yahoo.com,270-280-6603
925,Jeffrey,Davis,jeffrey.davis.872@outlook.com,(866)709-3878
926,Dustin,Bell,dustin.bell.080@yahoo.com,(386)244-8479x79909
927,Sharon,Collins,sharon.collins.985@yahoo.com,+1-536-854-0029
928,Cindy,Gonzalez,cindy.gonzalez.003@gmail.com,451-614-6864
929,Ralph,Marshall,ralph.marshall.319@hotmail.com,+1-664-630-1029x7671
930,Michael,Fuentes,michael.fuentes.437@yahoo.com,+1-947-684-5977x6367
931,Jack,Winters,jack.winters.682@outlook.com,2529899386
932,James,Ross,james.ross.644@yahoo.com,+1-571-839-1510x28217
933,Adam,Harris,adam.harris.283@hotmail.com,749.317.7476
934,Blake,Allen,blake.allen.400@yahoo.com,939-834-3801x2468
935,Heather,Jacobson,heather.jacobson.620@outlook.com,001-567-516-2572
936,Kara,Williams,kara.williams.235@hotmail.com,001-609-442-1652x88348
937,James,Mcfarland,james.mcfarland.625@yahoo.com,4858536567
938,Amy,Johnson,amy.johnson.851@hotmail.com,+1-753-655-1921x9524
939,Andre,Martin,andre.martin.366@outlook.com,001-617-653-6909x41264
940,Brian,Barron,brian.barron.540@hotmail.com,214-262-6750
941,Jeffrey,Luna,jeffrey.luna.616@hotmail.com,001-454-986-9438x528
942,Susan,Edwards,susan.edwards.640@outlook.com,312.413.6474x2221
943,Christina,Hardin,christina.hardin.605@gmail.com,547-549-1058x22004
944,Rebecca,Gaines,rebecca.gaines.483@hotmail.com,+1-335-683-3745
945,Debbie,Franklin,debbie.franklin.672@gmail.com,(705)354-8583x03599
946,Ashley,Cooley,ashley.cooley.644@hotmail.com,351-763-3652
947,Brandon,Smith,brandon.smith.177@hotmail.com,641-645-5799x8709
948,Vanessa,Stevens,vanessa.stevens.894@hotmail.com,+1-250-611-9031x84341
949,Tina,Jones,tina.jones.932@hotmail.com,843.401.5940x7411
950,Karen,Williams,karen.williams.315@gmail.com,409-780-3515x032
951,Amanda,Williamson,amanda.williamson.795@outlook.com,540-850-1894
952,Douglas,Clark,douglas.clark.073@hotmail.com,497-532-5052
953,Nicholas,Martin,nicholas.martin.228@outlook.com,+1-224-322-3023x970
954,Jennifer,Ortiz,jennifer.ortiz.629@gmail.com,001-654-628-6113x463
955,Samantha,Duffy,samantha.duffy.782@outlook.com,824.355.2539x0046
956,Lori,Hernandez,lori.hernandez.336@yahoo.com,001-278-492-6013x2169
957,Justin,Lyons,justin.lyons.697@hotmail.com,+1-387-243-0916
958,Pamela,Martinez,pamela.martinez.679@yahoo.com,001-820-328-0493
959,Michael,Martinez,michael.martinez.528@hotmail.com,001-625-659-1268
960,Daniel,Shelton,daniel.shelton.402@gmail.com,001-871-672-4050x495
961,David,Lozano,david.lozano.430@outlook.com,8945833242
962,Jamie,Boone,jamie.boone.017@outlook.com,762.448.4186x1289
963,Jeffery,Young,jeffery.young.875@gmail.com,+1-864-440-8565
964,Justin,Diaz,justin.diaz.203@gmail.com,636-569-4572
965,Colleen,Rivers,colleen.rivers.668@outlook.com,+1-231-885-6246
966,Stephen,Parsons,stephen.parsons.422@gmail.com,7126233084
967,Brandi,Martin,brandi.martin.327@hotmail.com,(906)356-3635x19710
968,Nicole,Owens,nicole.owens.018@hotmail.com,449.328.4425
969,William,Cohen,william.cohen.791@gmail.com,541.220.8153
970,Tasha,English,tasha.english.068@outlook.com,6047708176
971,Carla,Phillips,carla.phillips.910@yahoo.com,815-291-1381
972,Kimberly,Mills,kimberly.mills.335@gmail.com,(648)468-4793x3877
973,Rhonda,Bryant,rhonda.bryant.607@yahoo.com,841-863-6091x877
974,Eileen,Smith,eileen.smith.294@hotmail.com,(581)441-8721x026
975,Michelle,Allen,michelle.allen.688@outlook.com,001-314-257-6892x5847
976,Jerome,Hernandez,jerome.hernandez.152@hotmail.com,+1-202-391-4745
977,Shelly,Johnson,shelly.johnson.343@gmail.com,(327)764-7255
978,Arthur,Gonzalez,arthur.gonzalez.715@hotmail.com,001-278-536-1552x8030
979,Ronald,Johnson,ronald.johnson.572@yahoo.com,(331)227-2744x682
980,Michael,Bennett,michael.bennett.053@outlook.com,+1-604-219-4374x2078
981,Laura,Giles,laura.giles.638@gmail.com,001-907-793-2423x4077
982,Paula,Simon,paula.simon.049@yahoo.com,+1-684-675-5771x5618
983,Peggy,Jones,peggy.jones.154@hotmail.com,001-877-319-2877x1968
984,Nathaniel,Johnson,nathaniel.johnson.350@yahoo.com,395.695.4930x289
985,Robert,Warner,robert.warner.800@hotmail.com,+1-525-432-4599x2176
986,Keith,Anderson,keith.anderson.164@gmail.com,2586938607
987,Jennifer,Davis,jennifer.davis.800@hotmail.com,+1-489-291-7727x819
988,Emily,Vargas,emily.vargas.112@gmail.com,(585)791-5811x02401
989,Alexa,Swanson,alexa.swanson.150@yahoo.com,655.524.8406x11901
990,Danielle,Mejia,danielle.mejia.540@gmail.com,4978840572
991,Gary,Mills,gary.mills.452@outlook.com,+1-680-636-0073x3042
992,Alexandra,Green,alexandra.green.399@yahoo.com,(701)310-2280
993,Renee,Johnson,renee.johnson.722@hotmail.com,537-356-3410x1657
994,Barbara,Smith,barbara.smith.199@hotmail.com,838-720-8340x0598
995,Thomas,Fritz,thomas.fritz.884@yahoo.com,414-256-8700
996,Charles,Martin,charles.martin.261@outlook.com,001-788-448-4541
997,Joseph,Barron,joseph.barron.876@outlook.com,748.581.6880x6815
998,David,Kim,david.kim.745@hotmail.com,001-778-499-7568x832
999,Andre,Miller,andre.miller.276@outlook.com,651.989.8243x7308
1000,Curtis,Lewis,curtis.lewis.450@outlook.com,808-527-4980
